<configuration>
    <property name="LOG_DIR" value="logs" />
    <property name="APP_LOG_FILE_NAME" value="application.log" />
    <property name="SERVER_LOG_FILE_NAME" value="server.log" />
    <property name="SPRING_BOOT_LOG_FILE_NAME" value="springboot.log" />
    <property name="SPRING_PROFILE" value="local" />
    
    <springProfile name="staging">
        <property name="SPRING_PROFILE" value="staging" />
    </springProfile>
    
    <springProfile name="production">
        <property name="SPRING_PROFILE" value="production" />
    </springProfile>
    
    <!-- アプリケーションログの設定 -->
    <appender name="APP_LOG" class="ch.qos.logback.core.rolling.RollingFileAppender">
        <file>${LOG_DIR}/${SPRING_PROFILE}/${APP_LOG_FILE_NAME}</file>
        <rollingPolicy class="ch.qos.logback.core.rolling.TimeBasedRollingPolicy">
            <fileNamePattern>${LOG_DIR}/${SPRING_PROFILE}/application.%d{yyyy-MM-dd}.log</fileNamePattern>
            <maxHistory>30</maxHistory>
        </rollingPolicy>
        <encoder>
            <pattern>%d{yyyy-MM-dd HH:mm:ss.SSS} [%thread] %-5level %logger{36} - %msg%n</pattern>
        </encoder>
    </appender>
    
    <!-- サーバログの設定 -->
    <appender name="SERVER_LOG" class="ch.qos.logback.core.rolling.RollingFileAppender">
        <file>${LOG_DIR}/${SPRING_PROFILE}/${SERVER_LOG_FILE_NAME}</file>
        <rollingPolicy class="ch.qos.logback.core.rolling.TimeBasedRollingPolicy">
            <fileNamePattern>${LOG_DIR}/${SPRING_PROFILE}/server.%d{yyyy-MM-dd}.log</fileNamePattern>
            <maxHistory>30</maxHistory>
        </rollingPolicy>
        <encoder>
            <pattern>%d{yyyy-MM-dd HH:mm:ss.SSS} [%thread] %-5level %logger{36} - %msg%n</pattern>
        </encoder>
    </appender>

    <!-- Spring Bootログの設定 -->
    <appender name="SPRING_BOOT_LOG" class="ch.qos.logback.core.rolling.RollingFileAppender">
        <file>${LOG_DIR}/${SPRING_PROFILE}/${SPRING_BOOT_LOG_FILE_NAME}</file>
        <rollingPolicy class="ch.qos.logback.core.rolling.TimeBasedRollingPolicy">
            <fileNamePattern>${LOG_DIR}/${SPRING_PROFILE}/springboot.%d{yyyy-MM-dd}.log</fileNamePattern>
            <maxHistory>30</maxHistory>
        </rollingPolicy>
        <encoder>
            <pattern>%d{yyyy-MM-dd HH:mm:ss.SSS} [%thread] %-5level %logger{36} - %msg%n</pattern>
        </encoder>
    </appender>
    
    <!-- ルートロガーの設定 -->
    <root level="info">
        <appender-ref ref="APP_LOG" />
    </root>

    <!-- サーバログ専用ロガーの設定 -->
    <logger name="org.springframework" level="info" additivity="false">
        <appender-ref ref="SERVER_LOG" />
    </logger>
    
    <logger name="org.apache" level="info" additivity="false">
        <appender-ref ref="SERVER_LOG" />
    </logger>

    <!-- Spring Bootログ専用ロガーの設定 -->
    <logger name="org.springframework.boot" level="info" additivity="false">
        <appender-ref ref="SPRING_BOOT_LOG" />
    </logger>
    
    <!-- 必要に応じて他のロガーも追加 -->
</configuration>
